auto,
break,
case,
char,
const,
continue,
default,
do,
double,
else,
enum,
extern,
float,
for,
goto,
if,
int,
long,
register,
return,
short,
signed,
sizeof,
static,
struct,
switch,
typedef,
union,
unsigned,
void,
volatile,
while,
alignas,
alignof,
and,
and_eq,
asm,
atomic_cancel,
atomic_commit,
atomic_noexcept,
bitand,
bitor,
bool,
catch,
char16_t,
char32_t,
char8_t,
class,
co_await,
co_return,
co_yield,
compl,
concept,
const_cast,
consteval,
constexpr,
constinit,
decltype,
delete,
dynamic_cast,
explicit,
export,
false,
friend,
inline,
mutable,
namespace,
new,
noexcept,
not,
not_eq,
nullptr,
operator,
or,
or_eq,
private,
protected,
public,
reflexpr,
reinterpret_cast,
requires,
static_assert,
static_cast,
synchronized,
template,
this,
thread_local,
throw,
true,
try,
typeid,
typename,
using,
virtual,
wchar_t,
xor,
xor_eq,